name,url,discount_rate,original_price,discounted_price
빈티지 워시드 미니멀 스웨이드 무톤 무스탕 자켓 [베이지] 상품상세로 이동,https://image.msscdn.net/thumbnails/images/goods_img/20231012/3621603/3621603_16982013054420_big.jpg?w=780,40%,119000원,71400원
스탠다드 핏 블레이저_MELANGE GREY 상품상세로 이동,https://image.msscdn.net/thumbnails/images/goods_img/20210831/2100308/2100308_16847405116994_big.png?w=780,50%,129000원,64500원
LT 라이너 퀼팅 자켓(블랙) 상품상세로 이동,https://image.msscdn.net/thumbnails/images/goods_img/20230926/3597103/3597103_16957210581410_big.jpg?w=780,50%,189000원,94500원
바라클라바 푸퍼 후드 패딩 [블랙] 상품상세로 이동,https://image.msscdn.net/thumbnails/images/goods_img/20241004/4488554/4488554_17280398587838_big.jpg?w=780,20%,124000원,99000원
레이스 카라드 자켓_블랙 상품상세로 이동,https://image.msscdn.net/thumbnails/images/goods_img/20240319/3968452/3968452_17109125600461_big.jpg?w=780,50%,139000원,69500원
여성 푸퍼 RN4W08J3 상품상세로 이동,https://image.msscdn.net/thumbnails/images/goods_img/20241017/4530752/4530752_17294886192013_big.jpg?w=780,29%,139000원,99000원
오버사이즈 히든 블루종 항공 점퍼 자켓_블랙 상품상세로 이동,https://image.msscdn.net/thumbnails/images/goods_img/20231023/3651039/3651039_17004031911455_big.jpg?w=780,20%,99000원,79200원
MK3 PUFFER DOWN LIGHT GREY 상품상세로 이동,https://image.msscdn.net/thumbnails/images/goods_img/20220908/2782768/2782768_1_big.jpg?w=780,60%,279000원,111600원
BASIC LOGO HOODIE ZIP UP NAVY 상품상세로 이동,https://image.msscdn.net/thumbnails/images/goods_img/20240111/3788815/3788815_17268097775968_big.jpg?w=780,20%,89000원,71200원
피그먼트 다잉 워싱 투웨이 집업 [차콜] 상품상세로 이동,https://image.msscdn.net/thumbnails/images/goods_img/20230818/3475929/3475929_16933813514146_big.jpg?w=780,20%,108000원,86500원
웨일 저지 코치 자켓 네이비 상품상세로 이동,https://image.msscdn.net/thumbnails/images/goods_img/20230215/3086663/3086663_16787627498811_big.png?w=780,40%,109000원,64900원
도밍고 피그먼트 2WAY 스웨트 후드 집업 (KHAKI) 상품상세로 이동,https://image.msscdn.net/thumbnails/images/goods_img/20240424/4081479/4081479_17170470371828_big.jpg?w=780,17%,59000원,49000원
폴라플리스 스냅 가디건 라이트 그린 상품상세로 이동,https://image.msscdn.net/thumbnails/images/goods_img/20230821/3481356/3481356_16927559486525_big.jpg?w=780,45%,79000원,43450원